{
  "project_info": {
    "project_number": "397472727001",
    "project_id": "proyectofirebase-86904",
    "storage_bucket": "proyectofirebase-86904.appspot.com"
  },
  "client": [
    {
      "client_info": {
        "mobilesdk_app_id": "1:397472727001:android:99b7b7a7b8b488f0fb63c8",
        "android_client_info": {
          "package_name": "com.example.proyectofirebase"
        }
      },
      "oauth_client": [],
      "api_key": [
        {
          "current_key": "AIzaSyC2fMbhi3hcSzpu6He6nWHBqFtOgEua-3M"
        }
      ],
      "services": {
        "appinvite_service": {
          "other_platform_oauth_client": []
        }
      }
    }
  ],
  "configuration_version": "1"
}